firstName,surName,phone,email,address,age
Shawna,Aufderhar,1-306-796-7877,jqjz02@gmail.com,"Apt. 057 38934 Vince Mission, Alfredoberg, NJ 19802",34
Lon,Prohaska,025-242-6677 x271,zcgg60@gmail.com,"Apt. 501 98981 Williamson Stravenue, East Arethaland, NE 19271-7752",50
Nathanael,Krajcik,645.912.2115 x2236,qdzd73@gmail.com,"992 Shavonda Parkway, West Cristoballand, IN 83905-1423",26
Rosendo,Torphy,014.595.6651 x9596,nkzy65@gmail.com,"Apt. 070 7365 Kuhn Point, Schultzland, WY 61148-0808",55
Jacob,Heller,1-632-828-7927,krqd90@gmail.com,"15916 Cruickshank Stream, Baileystad, UT 99287",48
Sade,Mohr,329.623.9089,nfhl85@gmail.com,"Apt. 975 54740 Grant Loaf, North Janey, HI 85567",43
Larita,Weber,1-736-202-8679 x96143,iwio50@gmail.com,"654 Lonnie Centers, South Evon, CT 76704-0417",36
Reyes,Miller,(594) 735-6545 x33448,okvq12@gmail.com,"526 Adele Squares, South Miltonborough, RI 80181",25
Donald,Haley,698-526-0407 x957,apjr29@gmail.com,"Suite 543 9714 Waelchi Falls, North Lavern, HI 44161",51
Roderick,Krajcik,895-990-8107 x46470,ylgo83@gmail.com,"24950 Graciela Flat, Port Nichollemouth, AR 99467-2626",44
Matthew,Miller,603-489-3008,fuxi66@gmail.com,"Apt. 645 944 Durgan Port, North Kennithstad, AK 46186",60
Roland,Auer,1-967-181-8458,qesl05@gmail.com,"Suite 997 2141 Rosina Forest, North Frank, NH 21921-8928",49
Tabatha,Reinger,(106) 663-7462 x718,fgat76@gmail.com,"Suite 845 2398 Anita Isle, Danielmouth, AK 32998",47
Tod,Little,(441) 093-1631 x69403,bbqh36@gmail.com,"986 Quigley Glen, East Keshiashire, ND 23760-5535",54
Normand,Kling,423-760-9376,ckln47@gmail.com,"Apt. 401 02334 Enedina Ports, East Blakechester, MT 95333",14
Jerrold,Abbott,(248) 442-2462 x772,zcdd88@gmail.com,"05528 Wolf Fields, North Patrinamouth, HI 17694",19
Julio,Heaney,262.534.1627 x3447,xunm90@gmail.com,"819 Luettgen Turnpike, Olinshire, MN 55598-3479",16
Rashad,Blick,1-101-519-7185,waiq62@gmail.com,"Suite 129 0741 Boehm Well, Lake Rupertside, NE 76157-5854",30
Barton,Hartmann,(528) 785-1455,etcy36@gmail.com,"22984 Emmitt Brook, Port Doreatha, MO 20968-2525",30
Darin,Bashirian,201.449.0839 x632,vovk50@gmail.com,"Apt. 979 175 Bradtke Fort, Enriquechester, WA 80104-9423",54
Alex,Hane,(861) 519-3653,rzuo13@gmail.com,"9261 Cicely Branch, Schinnershire, VT 61274",17
Lacresha,Cremin,221.358.5970 x43258,jhxj39@gmail.com,"3053 Reichert Camp, Thanhbury, IA 86541",47
Lowell,Bayer,1-175-137-0045,qalc23@gmail.com,"Suite 108 67085 Cormier Dam, North Coy, WY 06234",24
Lucienne,Jast,376-115-5834,fkxr40@gmail.com,"028 Refugio Greens, Rempelstad, FL 42632-1732",28
Byron,Kertzmann,1-195-264-8055,xvsi61@gmail.com,"1681 Kelvin Center, Lake Trentfort, AL 05302-1484",16
William,Abernathy,(331) 548-0221 x74622,ukaa55@gmail.com,"Suite 266 952 Darnell Court, South Russel, MS 04075-4427",42
Synthia,Mueller,(345) 102-5385,kmtz20@gmail.com,"60419 Barton Mission, North Drewfurt, NH 35210",64
Oswaldo,VonRueden,278.170.2979,ibpy24@gmail.com,"08153 Azalee Pines, East Shalonfort, FL 74573",53
Marvin,Koepp,1-967-950-7033,ttyh10@gmail.com,"339 Boyle Isle, New Merlyn, MT 38270-8859",14
Digna,Schuster,105-564-1724 x90654,emgs10@gmail.com,"Apt. 260 9655 Schmeler Crescent, Port Marshallville, CA 69444-5781",27
Nicholas,Zemlak,(457) 741-8187 x09093,qflj74@gmail.com,"Apt. 557 60689 Treutel Cliffs, Deckowmouth, DE 44113",12
Vickie,Morissette,725-210-2881,drim27@gmail.com,"255 Simonis Causeway, Port Pasquale, OR 99402",46
Leandro,Cormier,229-580-9165,xnki66@gmail.com,"4537 Norah Dam, South Trumanchester, TN 40903-3016",37
Dorla,Mosciski,002-465-0740,iync52@gmail.com,"Suite 367 900 Hamill Plaza, Cronaton, ME 85377-3658",17
Travis,Cronin,765.611.2093,ngkc48@gmail.com,"57341 Beier Stream, Oberbrunnermouth, LA 41091-1328",48
Sammy,Ankunding,(954) 384-2862 x838,tmfo98@gmail.com,"9016 Leticia Club, Jorgemouth, AK 62844-8256",63
Leroy,Hodkiewicz,025.028.3399,gdnh58@gmail.com,"Apt. 980 69381 Ladawn Dam, Fernchester, MT 11618",30
Jordon,Crona,(556) 283-8560,wmqf24@gmail.com,"Apt. 484 989 Jeremy Hill, West Filiberto, MO 67222",29
Franklin,D'Amore,(978) 111-5189 x9494,namn87@gmail.com,"Apt. 310 410 Garth Coves, New Rashadberg, TX 98466",68
Toya,Zemlak,876.296.8781,jbii97@gmail.com,"Apt. 127 231 Danyelle Wells, North Gwenda, RI 97856",16
Leigh,Ziemann,561-308-5697 x98895,xhhn35@gmail.com,"Suite 729 93391 Feeney Village, Dibberttown, NC 10407-1176",33
Mauricio,Prohaska,890.484.9241 x12616,okga88@gmail.com,"991 Upton Summit, East Janeberg, AK 20412",19
Trey,Bode,469-957-5794,rtfh91@gmail.com,"Apt. 960 11197 Heriberto Lodge, Williamsland, AK 65511-0498",16
Johnathon,Roberts,1-169-680-2043 x8560,igqa48@gmail.com,"Suite 182 49632 Shanahan Village, Port Roscoe, OH 35667-1815",13
Geraldo,O'Keefe,221.180.5811 x5183,dxcw16@gmail.com,"Apt. 517 6904 Ward Streets, Lake Ela, IL 97326-1915",56
Rico,Satterfield,(185) 372-6948 x8472,ccpr27@gmail.com,"452 Millard Prairie, Trentstad, VT 24045-7017",23
Jordan,Smith,(737) 139-5821 x8479,kfbl21@gmail.com,"78809 Langosh Mountain, New Sterling, VT 77268-1571",15
Adam,Keeling,1-834-511-6086 x339,wkgu70@gmail.com,"8445 Mann Summit, Johnstonside, UT 42837-5762",21
Helene,Schuppe,315.235.3785 x57952,jeyv82@gmail.com,"11495 Josefina Mountains, Shirlychester, VA 82915",28
Shirl,Wisoky,1-085-904-0616 x4109,dnll19@gmail.com,"502 Granville Glen, Coreyside, MS 17571",60
